{"mean":{"confidence_interval":{"confidence_level":0.95,"lower_bound":-0.00552129269508603,"upper_bound":0.00026680219078650195},"point_estimate":-0.002495287699951776,"standard_error":0.0014735357529907563},"median":{"confidence_interval":{"confidence_level":0.95,"lower_bound":-0.0024209052095476302,"upper_bound":0.0018017665370790859},"point_estimate":-0.0002748331480936228,"standard_error":0.0011234089712468252}}