{"mean":{"confidence_interval":{"confidence_level":0.95,"lower_bound":-0.023371734919386822,"upper_bound":0.0013842944996655076},"point_estimate":-0.011023994523671199,"standard_error":0.006318207939229975},"median":{"confidence_interval":{"confidence_level":0.95,"lower_bound":-0.037997094387871244,"upper_bound":-0.005293926855941211},"point_estimate":-0.023740033295972074,"standard_error":0.008681547549586785}}