{"mean":{"confidence_interval":{"confidence_level":0.95,"lower_bound":14099201.805125,"upper_bound":14166015.082125},"point_estimate":14128509.3725,"standard_error":17140.352498185257},"median":{"confidence_interval":{"confidence_level":0.95,"lower_bound":14085104.25,"upper_bound":14129385.25},"point_estimate":14102338.5,"standard_error":12884.929333243583},"median_abs_dev":{"confidence_interval":{"confidence_level":0.95,"lower_bound":81017.97283664346,"upper_bound":124051.73434764147},"point_estimate":106461.42695993185,"standard_error":10655.840929535787},"slope":null,"std_dev":{"confidence_interval":{"confidence_level":0.95,"lower_bound":90473.57911612667,"upper_bound":261102.69710144683},"point_estimate":172652.41261857084,"standard_error":52379.64874439973}}