{"mean":{"confidence_interval":{"confidence_level":0.95,"lower_bound":-0.004085334897661301,"upper_bound":0.006739095305407777},"point_estimate":0.0016095578930668264,"standard_error":0.0027613557932474483},"median":{"confidence_interval":{"confidence_level":0.95,"lower_bound":0.0013510915602887863,"upper_bound":0.004663706252144184},"point_estimate":0.003113768641278103,"standard_error":0.0007922483271271812}}