{"mean":{"confidence_interval":{"confidence_level":0.95,"lower_bound":18737238.453083336,"upper_bound":18924743.548916668},"point_estimate":18828391.25666667,"standard_error":48048.06556056247},"median":{"confidence_interval":{"confidence_level":0.95,"lower_bound":18623583.333333332,"upper_bound":18780277.666666668},"point_estimate":18708166.666666664,"standard_error":39966.31171642644},"median_abs_dev":{"confidence_interval":{"confidence_level":0.95,"lower_bound":261256.84856176746,"upper_bound":483265.8164203121},"point_estimate":349430.2812963724,"standard_error":55585.19821464419},"slope":null,"std_dev":{"confidence_interval":{"confidence_level":0.95,"lower_bound":388757.96714604733,"upper_bound":561149.472312724},"point_estimate":482016.81871109584,"standard_error":43915.588766612505}}