{"mean":{"confidence_interval":{"confidence_level":0.95,"lower_bound":-0.016380075687577215,"upper_bound":0.005099643655241348},"point_estimate":-0.005311920538688786,"standard_error":0.005508711643379886},"median":{"confidence_interval":{"confidence_level":0.95,"lower_bound":-0.003589785337750784,"upper_bound":0.009067048514415976},"point_estimate":0.0024555423081400463,"standard_error":0.0032044394635980067}}