{"mean":{"confidence_interval":{"confidence_level":0.95,"lower_bound":2979875.7178676464,"upper_bound":3072749.0682352935},"point_estimate":3019318.137058824,"standard_error":24039.20613545777},"median":{"confidence_interval":{"confidence_level":0.95,"lower_bound":2970840.705882353,"upper_bound":2978245.0588235296},"point_estimate":2973876.2647058824,"standard_error":1888.203561970358},"median_abs_dev":{"confidence_interval":{"confidence_level":0.95,"lower_bound":14509.8570953398,"upper_bound":23763.374013409833},"point_estimate":18710.586091350066,"standard_error":2246.6541307501902},"slope":null,"std_dev":{"confidence_interval":{"confidence_level":0.95,"lower_bound":22229.77699471144,"upper_bound":379215.80179784325},"point_estimate":240596.6664166076,"standard_error":88104.85514612509}}