{"mean":{"confidence_interval":{"confidence_level":0.95,"lower_bound":51066431.409499995,"upper_bound":51316719.806},"point_estimate":51183872.53,"standard_error":63821.168702852294},"median":{"confidence_interval":{"confidence_level":0.95,"lower_bound":50904416.5,"upper_bound":51094895.5},"point_estimate":51020250.0,"standard_error":41175.246599164995},"median_abs_dev":{"confidence_interval":{"confidence_level":0.95,"lower_bound":247254.68021035194,"upper_bound":452038.80157470703},"point_estimate":345661.51216328144,"standard_error":54359.55724664122},"slope":null,"std_dev":{"confidence_interval":{"confidence_level":0.95,"lower_bound":445879.91012721125,"upper_bound":820207.4658073965},"point_estimate":640210.9234006432,"standard_error":96081.48892810683}}