{"mean":{"confidence_interval":{"confidence_level":0.95,"lower_bound":0.0005320946937716509,"upper_bound":0.031784294555363836},"point_estimate":0.013725465406989601,"standard_error":0.008039642710598753},"median":{"confidence_interval":{"confidence_level":0.95,"lower_bound":-0.00003960193481589158,"upper_bound":0.0032848758676347067},"point_estimate":0.0012733305125343097,"standard_error":0.0008559797897775618}}