{"mean":{"confidence_interval":{"confidence_level":0.95,"lower_bound":-0.008112852836833951,"upper_bound":-0.00337949502002538},"point_estimate":-0.0056416612191426685,"standard_error":0.001208548419703831},"median":{"confidence_interval":{"confidence_level":0.95,"lower_bound":-0.004945974318745994,"upper_bound":-0.0024600716921532317},"point_estimate":-0.003596432049206455,"standard_error":0.0006396161496911974}}