{"mean":{"confidence_interval":{"confidence_level":0.95,"lower_bound":-0.00206314278574538,"upper_bound":0.0060845664911099405},"point_estimate":0.0020186913344690804,"standard_error":0.0020666142766278205},"median":{"confidence_interval":{"confidence_level":0.95,"lower_bound":0.00038299293563608567,"upper_bound":0.005983734874516422},"point_estimate":0.0037107903171578194,"standard_error":0.0014757808517285613}}