{"mean":{"confidence_interval":{"confidence_level":0.95,"lower_bound":-0.006904662047730529,"upper_bound":0.004403322354801396},"point_estimate":-0.0012774388426864958,"standard_error":0.0028930726037358456},"median":{"confidence_interval":{"confidence_level":0.95,"lower_bound":-0.007775751937673991,"upper_bound":0.0038222224564727902},"point_estimate":-0.0037943955982111532,"standard_error":0.003043816315408176}}