{"mean":{"confidence_interval":{"confidence_level":0.95,"lower_bound":0.004716421066330842,"upper_bound":0.01070984967452926},"point_estimate":0.007753104963413859,"standard_error":0.0015434123586173531},"median":{"confidence_interval":{"confidence_level":0.95,"lower_bound":0.004741503115828882,"upper_bound":0.01172698949574702},"point_estimate":0.00787721120932483,"standard_error":0.0016329614408707477}}