{"mean":{"confidence_interval":{"confidence_level":0.95,"lower_bound":6983706.553843751,"upper_bound":7088767.979125},"point_estimate":7031972.0275,"standard_error":26908.39480804263},"median":{"confidence_interval":{"confidence_level":0.95,"lower_bound":6923531.25,"upper_bound":6989557.25},"point_estimate":6948388.0625,"standard_error":16695.94417437552},"median_abs_dev":{"confidence_interval":{"confidence_level":0.95,"lower_bound":102862.67266226005,"upper_bound":192591.21918082237},"point_estimate":137399.21126067638,"standard_error":23108.4477133486},"slope":null,"std_dev":{"confidence_interval":{"confidence_level":0.95,"lower_bound":169429.58673561134,"upper_bound":376087.0672902107},"point_estimate":270349.46416498936,"standard_error":56862.020551891546}}