{"mean":{"confidence_interval":{"confidence_level":0.95,"lower_bound":-0.000021844255211664244,"upper_bound":0.005382065562205068},"point_estimate":0.002670268509754825,"standard_error":0.0013542145796946513},"median":{"confidence_interval":{"confidence_level":0.95,"lower_bound":0.00045011177856491,"upper_bound":0.004560846848150668},"point_estimate":0.002390909973532862,"standard_error":0.0010291604527660225}}