{"mean":{"confidence_interval":{"confidence_level":0.95,"lower_bound":469171.0084788316,"upper_bound":470780.0955618697},"point_estimate":469921.7782468848,"standard_error":413.83759580955535},"median":{"confidence_interval":{"confidence_level":0.95,"lower_bound":468499.1125429553,"upper_bound":469642.3611111111},"point_estimate":469098.9288446526,"standard_error":334.40327693729387},"median_abs_dev":{"confidence_interval":{"confidence_level":0.95,"lower_bound":1978.2820307414927,"upper_bound":3090.6388873523574},"point_estimate":2783.9502123310176,"standard_error":299.5992032558247},"slope":{"confidence_interval":{"confidence_level":0.95,"lower_bound":468535.2434261949,"upper_bound":471022.56574300356},"point_estimate":469626.1950711788,"standard_error":642.1784560802652},"std_dev":{"confidence_interval":{"confidence_level":0.95,"lower_bound":2529.002040933581,"upper_bound":5481.568724131201},"point_estimate":4139.920512488123,"standard_error":753.5950671239627}}