{"mean":{"confidence_interval":{"confidence_level":0.95,"lower_bound":-0.005406178887788786,"upper_bound":0.001186727489329902},"point_estimate":-0.0019402830321483266,"standard_error":0.0016795417408535468},"median":{"confidence_interval":{"confidence_level":0.95,"lower_bound":-0.0022886846844866193,"upper_bound":0.004840698449690154},"point_estimate":0.0011970828238108133,"standard_error":0.0018355834942351608}}