{"mean":{"confidence_interval":{"confidence_level":0.95,"lower_bound":606563.6378453824,"upper_bound":608241.0543100203},"point_estimate":607350.9416931235,"standard_error":429.8422017611236},"median":{"confidence_interval":{"confidence_level":0.95,"lower_bound":605416.4026442308,"upper_bound":606206.447835013},"point_estimate":605724.6832010582,"standard_error":242.80911503751727},"median_abs_dev":{"confidence_interval":{"confidence_level":0.95,"lower_bound":810.6471108359905,"upper_bound":1689.5030338350211},"point_estimate":1136.8948188856284,"standard_error":248.23601107752063},"slope":{"confidence_interval":{"confidence_level":0.95,"lower_bound":605802.6337323028,"upper_bound":607148.988612008},"point_estimate":606416.2528136545,"standard_error":345.1730539153966},"std_dev":{"confidence_interval":{"confidence_level":0.95,"lower_bound":3030.1367455682157,"upper_bound":5359.030017599967},"point_estimate":4328.310105339106,"standard_error":595.3753965401506}}