{"mean":{"confidence_interval":{"confidence_level":0.95,"lower_bound":-0.009825522531413161,"upper_bound":-0.0033491524032917613},"point_estimate":-0.006416829157619652,"standard_error":0.0016557651294728632},"median":{"confidence_interval":{"confidence_level":0.95,"lower_bound":-0.006708433904735422,"upper_bound":-0.0013993174666488972},"point_estimate":-0.003951538340048577,"standard_error":0.0013205486817902845}}