{"mean":{"confidence_interval":{"confidence_level":0.95,"lower_bound":-0.006244530881364446,"upper_bound":-0.0024978712002294446},"point_estimate":-0.004328690704929916,"standard_error":0.0009604375207226396},"median":{"confidence_interval":{"confidence_level":0.95,"lower_bound":-0.004766259126683048,"upper_bound":-0.0025035508760548053},"point_estimate":-0.003930359324144872,"standard_error":0.0005805929069022497}}