{"mean":{"confidence_interval":{"confidence_level":0.95,"lower_bound":26020849.36275,"upper_bound":26161223.55},"point_estimate":26086709.155,"standard_error":36145.202173452446},"median":{"confidence_interval":{"confidence_level":0.95,"lower_bound":25963229.0,"upper_bound":26023854.0},"point_estimate":25987135.5,"standard_error":13029.747549418145},"median_abs_dev":{"confidence_interval":{"confidence_level":0.95,"lower_bound":124970.19576508555,"upper_bound":233834.18524861336},"point_estimate":187764.98561650515,"standard_error":28925.278599951358},"slope":null,"std_dev":{"confidence_interval":{"confidence_level":0.95,"lower_bound":245452.27753905408,"upper_bound":457878.6129867684},"point_estimate":362679.7944344483,"standard_error":54407.19592546635}}