{"mean":{"confidence_interval":{"confidence_level":0.95,"lower_bound":-0.006545243050193328,"upper_bound":0.006974214931608849},"point_estimate":0.00031425393444006744,"standard_error":0.0034508633209426993},"median":{"confidence_interval":{"confidence_level":0.95,"lower_bound":-0.0052606481284837026,"upper_bound":0.00620302811950757},"point_estimate":0.00020592387862095052,"standard_error":0.0029181036355738306}}