{"mean":{"confidence_interval":{"confidence_level":0.95,"lower_bound":-0.0016729702017963086,"upper_bound":0.005694353674330508},"point_estimate":0.0021061482561590683,"standard_error":0.0018788611967395323},"median":{"confidence_interval":{"confidence_level":0.95,"lower_bound":0.0036903635418544635,"upper_bound":0.008477247202922355},"point_estimate":0.006017941262985049,"standard_error":0.0012421760275150545}}