{"mean":{"confidence_interval":{"confidence_level":0.95,"lower_bound":12788279.1895,"upper_bound":12962952.94725},"point_estimate":12870105.7275,"standard_error":44458.613942491655},"median":{"confidence_interval":{"confidence_level":0.95,"lower_bound":12686645.75,"upper_bound":12836833.25},"point_estimate":12762234.375,"standard_error":38664.97480803714},"median_abs_dev":{"confidence_interval":{"confidence_level":0.95,"lower_bound":185849.83710050583,"upper_bound":318067.3058556758},"point_estimate":240829.83322441578,"standard_error":33168.30277241404},"slope":null,"std_dev":{"confidence_interval":{"confidence_level":0.95,"lower_bound":302030.18145042163,"upper_bound":591617.6704666177},"point_estimate":446424.3414641709,"standard_error":75677.82786687058}}