{"mean":{"confidence_interval":{"confidence_level":0.95,"lower_bound":-0.006282142899956418,"upper_bound":-0.002183020604233527},"point_estimate":-0.004325049953478155,"standard_error":0.0010507465792269448},"median":{"confidence_interval":{"confidence_level":0.95,"lower_bound":-0.006112242253852762,"upper_bound":-0.002616656742420953},"point_estimate":-0.004072873632314344,"standard_error":0.0008900130049306076}}