{"mean":{"confidence_interval":{"confidence_level":0.95,"lower_bound":-0.010425494807712378,"upper_bound":-0.00015970158359467155},"point_estimate":-0.004727278571427185,"standard_error":0.0026331939787084366},"median":{"confidence_interval":{"confidence_level":0.95,"lower_bound":0.0012314017661789745,"upper_bound":0.004079115851281623},"point_estimate":0.0034906638524165867,"standard_error":0.0008769469057271184}}