{"mean":{"confidence_interval":{"confidence_level":0.95,"lower_bound":-0.046421634665211285,"upper_bound":-0.0238722007141694},"point_estimate":-0.03531678235688385,"standard_error":0.0057251389309789374},"median":{"confidence_interval":{"confidence_level":0.95,"lower_bound":-0.04225098991560683,"upper_bound":-0.01785261479250022},"point_estimate":-0.028758950460269328,"standard_error":0.006089621958388611}}