{"mean":{"confidence_interval":{"confidence_level":0.95,"lower_bound":-0.06140993578595035,"upper_bound":0.0033999165133592013},"point_estimate":-0.02298975963733807,"standard_error":0.01714415534244611},"median":{"confidence_interval":{"confidence_level":0.95,"lower_bound":-0.006967102035929058,"upper_bound":0.004527011543317805},"point_estimate":-0.002442125192497313,"standard_error":0.002869187195319013}}