{"mean":{"confidence_interval":{"confidence_level":0.95,"lower_bound":-0.00597899390033237,"upper_bound":0.014650321026034979},"point_estimate":0.0044811200972327825,"standard_error":0.005277323075453171},"median":{"confidence_interval":{"confidence_level":0.95,"lower_bound":-0.00023655142374915167,"upper_bound":0.01652727661716269},"point_estimate":0.010091229163652349,"standard_error":0.004259318459018191}}